Portfolio,Alt Portfolio,Security ID,Security Name,Position Date,Ccy,Nominal Amount,Drawn Amount,Commitment Amount,Internal Rating,Fitch Rating,Moodys Rating,S&P Rating,Funding Date,Maturity Date,Rate Type,Coupon Rate,Margin Bps,Instrument,Custodian,Book
94320,,H100200,Aurora Solar,2026-06-30,EUR,10642000,6517000,10642000,BBB-,NR,NR,NR,2024-03-27,2049-09-27,Fixed,3.075,370,Notes,CUST-1,IDB
94301,,H100200,Aurora Solar,2026-06-30,EUR,13856000,8486000,13856000,BBB-,NR,NR,NR,2024-03-27,2049-09-27,Fixed,3.075,370,Notes,CUST-1,IDB
94304,,H100200,Aurora Solar,2026-06-30,EUR,8324000,5098000,8324000,BBB-,NR,NR,NR,2024-03-27,2049-09-27,Fixed,3.075,370,Notes,CUST-3,IDB
94303,,H100201,Beacon Airports,2026-06-30,AUD,4025000,3945000,4025000,BBB-,NR,Baa3,NR,2022-07-25,2037-07-25,Floating,,285,Loan,CUST-3,IDB
94321,,H100201,Beacon Airports,2026-06-30,AUD,5615000,5503000,5615000,BBB-,NR,Baa3,NR,2022-07-25,2037-07-25,Floating,,285,Loan,CUST-3,IDB
SINGLE,94303,H100201,Beacon Airports,2026-06-30,AUD,2753000,2698000,2753000,BBB-,NR,Baa3,NR,2022-07-25,2037-07-25,Floating,,285,Loan,CUST-3,IDB
94306,,H100201,Beacon Airports,2026-06-30,AUD,6976000,6837000,6976000,BBB-,NR,Baa3,NR,2022-07-25,2037-07-25,Floating,,285,Loan,CUST-3,IDB
94302,,H100202,Cascade Data,2026-06-30,EUR,106020000,76167000,111321000,BBB,NR,Baa2,NR,2024-05-12,2047-05-12,Fixed,3.296,315,Loan,CUST-3,IDB
94321,,H100202,Cascade Data,2026-06-30,EUR,37932000,27251000,39829000,BBB,NR,Baa2,NR,2024-05-12,2047-05-12,Fixed,3.296,315,Loan,CUST-3,IDB
94323,,H100202,Cascade Data,2026-06-30,EUR,52685000,37850000,55319000,BBB,NR,Baa2,NR,2024-05-12,2047-05-12,Fixed,3.296,315,Loan,CUST-1,IDB
94320,,H100202,Cascade Data,2026-06-30,EUR,70441000,50606000,73963000,BBB,NR,Baa2,NR,2024-05-12,2047-05-12,Fixed,3.296,315,Loan,CUST-2,IDB
94322,,H100203,Delta Electricity A,2026-06-30,EUR,34486000,33658000,34486000,BBB-,BBB-,NR,BBB,2025-07-11,2040-07-11,Floating,,310,Notes,CUST-3,IDB
94322,,H100204,Delta Electricity B,2026-06-30,EUR,22991000,22439000,22991000,BBB-,BBB-,NR,BBB,2025-07-11,2040-07-11,Floating,,310,Notes,CUST-2,IDB
94301,,H100203,Delta Electricity A,2026-06-30,EUR,31814000,31050000,31814000,BBB-,BBB-,NR,BBB,2025-07-11,2040-07-11,Floating,,310,Notes,CUST-1,IDB
94301,,H100204,Delta Electricity B,2026-06-30,EUR,21209000,20700000,21209000,BBB-,BBB-,NR,BBB,2025-07-11,2040-07-11,Floating,,310,Notes,CUST-2,IDB
94320,,H100203,Delta Electricity A,2026-06-30,EUR,60563000,59109000,60563000,BBB-,BBB-,NR,BBB,2025-07-11,2040-07-11,Floating,,310,Notes,CUST-2,IDB
94320,,H100204,Delta Electricity B,2026-06-30,EUR,40376000,39406000,40376000,BBB-,BBB-,NR,BBB,2025-07-11,2040-07-11,Floating,,310,Notes,CUST-3,IDB
94302,,H100205,Ember EV,2026-06-30,EUR,43928000,39666000,43928000,A,NR,NR,NR,2024-08-05,2031-02-05,Fixed,2.861,90,Notes,CUST-3,IDB
94306,,H100205,Ember EV,2026-06-30,EUR,16940000,15297000,16940000,A,NR,NR,NR,2024-08-05,2031-02-05,Fixed,2.861,90,Notes,CUST-3,IDB
94321,,H100205,Ember EV,2026-06-30,EUR,16530000,14926000,16530000,A,NR,NR,NR,2024-08-05,2031-02-05,Fixed,2.861,90,Notes,CUST-2,IDB
94306,,H100206,Falcon Student,2026-06-30,EUR,31948000,29894000,31948000,BBB-,BBB,NR,NR,2022-10-11,2029-04-11,Fixed,3.006,345,Loan,CUST-3,IDB
94305,,H100206,Falcon Student,2026-06-30,EUR,72134000,67497000,72134000,BBB-,BBB,NR,NR,2022-10-11,2029-04-11,Fixed,3.006,345,Loan,CUST-1,IDB
94321,,H100206,Falcon Student,2026-06-30,EUR,74202000,69432000,74202000,BBB-,BBB,NR,NR,2022-10-11,2029-04-11,Fixed,3.006,345,Loan,CUST-2,IDB
94301,,H100207,Granite Hydro,2026-06-30,EUR,54312000,52037000,54312000,BBB,NR,Baa1,NR,2025-08-14,2051-02-14,Floating,,160,Loan,CUST-3,IDB
94302,,H100207,Granite Hydro,2026-06-30,EUR,68124000,65271000,68124000,BBB,NR,Baa1,NR,2025-08-14,2051-02-14,Floating,,160,Loan,CUST-3,IDB
94321,,H100207,Granite Hydro,2026-06-30,EUR,38877000,37249000,38877000,BBB,NR,Baa1,NR,2025-08-14,2051-02-14,Floating,,160,Loan,CUST-1,IDB
94311,,H100208,Harbour Ports,2026-06-30,GBP,27539000,26791000,27539000,BBB-,NR,NR,NR,2024-02-08,2041-02-08,Fixed,4.982,325,Loan,CUST-2,IDB
94306,,H100208,Harbour Ports,2026-06-30,GBP,23218000,22587000,23218000,BBB-,NR,NR,NR,2024-02-08,2041-02-08,Fixed,4.982,325,Loan,CUST-2,IDB
94310,,H100209,Iris Fibre,2026-06-30,EUR,67418000,62634000,67418000,BBB+,BBB,A3,NR,2015-07-25,2032-07-25,Fixed,4.362,150,Loan,CUST-3,IDB
94304,,H100209,Iris Fibre,2026-06-30,EUR,94114000,87435000,94114000,BBB+,BBB,A3,NR,2015-07-25,2032-07-25,Fixed,4.362,150,Loan,CUST-1,IDB
94320,,H100209,Iris Fibre,2026-06-30,EUR,93775000,87121000,93775000,BBB+,BBB,A3,NR,2015-07-25,2032-07-25,Fixed,4.362,150,Loan,CUST-1,IDB
94311,,H100209,Iris Fibre,2026-06-30,EUR,109288000,101533000,109288000,BBB+,BBB,A3,NR,2015-07-25,2032-07-25,Fixed,4.362,150,Loan,CUST-1,IDB
94301,,H100209,Iris Fibre,2026-06-30,EUR,38813000,36059000,38813000,BBB+,BBB,A3,NR,2015-07-25,2032-07-25,Fixed,4.362,150,Loan,CUST-2,IDB
94320,,H100210,Juniper Electricity,2026-06-30,USD,22704000,21272000,22704000,BBB,NR,NR,NR,2015-05-18,2028-11-18,Fixed,2.272,320,Notes,CUST-2,IDB
94311,,H100210,Juniper Electricity,2026-06-30,USD,16294000,15267000,16294000,BBB,NR,NR,NR,2015-05-18,2028-11-18,Fixed,2.272,320,Notes,CUST-1,IDB
94305,,H100210,Juniper Electricity,2026-06-30,USD,25950000,24314000,25950000,BBB,NR,NR,NR,2015-05-18,2028-11-18,Fixed,2.272,320,Notes,CUST-2,IDB
94321,,H100210,Juniper Electricity,2026-06-30,USD,9198000,8618000,9198000,BBB,NR,NR,NR,2015-05-18,2028-11-18,Fixed,2.272,320,Notes,CUST-3,IDB
94303,,H100210,Juniper Electricity,2026-06-30,USD,25203000,23614000,25203000,BBB,NR,NR,NR,2015-05-18,2028-11-18,Fixed,2.272,320,Notes,CUST-1,IDB
94304,,H100210,Juniper Electricity,2026-06-30,USD,15375000,14405000,15375000,BBB,NR,NR,NR,2015-05-18,2028-11-18,Fixed,2.272,320,Notes,CUST-1,IDB
94305,,H100211,Kestrel District,2026-06-30,EUR,172923000,65851000,172923000,A,NR,NR,NR,2024-02-04,2035-02-04,Floating,,125,Notes,CUST-1,IDB
94320,,H100211,Kestrel District,2026-06-30,EUR,123492000,123992000,123492000,A,NR,NR,NR,2024-02-04,2035-02-04,Floating,,125,Notes,CUST-2,IDB
94311,,H100211,Kestrel District,2026-06-30,EUR,103002000,39224000,103002000,A,NR,NR,NR,2024-02-04,2035-02-04,Floating,,125,Notes,CUST-1,IDB
94303,,H100212,Lumen Education,2026-06-30,EUR,193704000,177641000,193704000,BBB+,NR,NR,NR,2018-06-23,2039-06-23,Fixed,3.691,135,Loan,CUST-3,IDB
94310,,H100212,Lumen Education,2026-06-30,EUR,109559000,100474000,109559000,BBB+,NR,NR,NR,2018-06-23,2039-06-23,Fixed,3.691,135,Loan,CUST-2,IDB
94321,,H100213,Meridian Onshore A,2026-06-30,EUR,45711000,41378000,45711000,BB+,BBB-,Ba1,BB,2022-11-24,2043-05-24,Fixed,5.417,335,Loan,CUST-3,IDB
94321,,H100214,Meridian Onshore B,2026-06-30,EUR,30474000,27585000,30474000,BB+,BBB-,Ba1,BB,2022-11-24,2043-05-24,Fixed,5.417,335,Loan,CUST-3,IDB
94320,,H100213,Meridian Onshore A,2026-06-30,EUR,64609000,58484000,64609000,BB+,BBB-,Ba1,BB,2022-11-24,2043-05-24,Fixed,5.417,335,Loan,CUST-3,IDB
94320,,H100214,Meridian Onshore B,2026-06-30,EUR,43073000,38990000,43073000,BB+,BBB-,Ba1,BB,2022-11-24,2043-05-24,Fixed,5.417,335,Loan,CUST-2,IDB
94303,,H100213,Meridian Onshore A,2026-06-30,EUR,70060000,63419000,70060000,BB+,BBB-,Ba1,BB,2022-11-24,2043-05-24,Fixed,5.417,335,Loan,CUST-2,IDB
94303,,H100214,Meridian Onshore B,2026-06-30,EUR,46707000,42279000,46707000,BB+,BBB-,Ba1,BB,2022-11-24,2043-05-24,Fixed,5.417,335,Loan,CUST-2,IDB
94311,,H100215,Nimbus Airports A,2026-06-30,EUR,61435000,49013000,61435000,BB+,NR,NR,NR,2025-04-05,2036-04-05,Floating,,230,Loan,CUST-1,IDB
94311,,H100216,Nimbus Airports B,2026-06-30,EUR,40957000,32676000,40957000,BB+,NR,NR,NR,2025-04-05,2036-04-05,Floating,,230,Loan,CUST-1,IDB
94306,,H100215,Nimbus Airports A,2026-06-30,EUR,71920000,57378000,71920000,BB+,NR,NR,NR,2025-04-05,2036-04-05,Floating,,230,Loan,CUST-3,IDB
94306,,H100216,Nimbus Airports B,2026-06-30,EUR,47946000,38252000,47946000,BB+,NR,NR,NR,2025-04-05,2036-04-05,Floating,,230,Loan,CUST-3,IDB
94321,,H100215,Nimbus Airports A,2026-06-30,EUR,35911000,28650000,35911000,BB+,NR,NR,NR,2025-04-05,2036-04-05,Floating,,230,Loan,CUST-2,IDB
94321,,H100216,Nimbus Airports B,2026-06-30,EUR,23940000,19100000,23940000,BB+,NR,NR,NR,2025-04-05,2036-04-05,Floating,,230,Loan,CUST-3,IDB
94320,,H100215,Nimbus Airports A,2026-06-30,EUR,46885000,37405000,46885000,BB+,NR,NR,NR,2025-04-05,2036-04-05,Floating,,230,Loan,CUST-2,IDB
94320,,H100216,Nimbus Airports B,2026-06-30,EUR,31257000,24937000,31257000,BB+,NR,NR,NR,2025-04-05,2036-04-05,Floating,,230,Loan,CUST-2,IDB
94320,,H100217,Orion Data,2026-06-30,AUD,32700000,17355000,32700000,BBB-,BBB,Baa2,NR,2015-02-09,2035-02-09,Fixed,2.434,215,Loan,CUST-3,IDB
94301,,H100217,Orion Data,2026-06-30,AUD,40568000,21531000,40568000,BBB-,BBB,Baa2,NR,2015-02-09,2035-02-09,Fixed,2.434,215,Loan,CUST-2,IDB
94305,,H100217,Orion Data,2026-06-30,AUD,47867000,25405000,47867000,BB,BBB,Baa2,NR,2015-02-09,2035-02-09,Fixed,2.434,215,Loan,CUST-1,IDB
94302,,H100217,Orion Data,2026-06-30,AUD,43739000,23214000,43739000,BBB-,BBB,Baa2,NR,2015-02-09,2035-02-09,Fixed,2.434,215,Loan,CUST-2,IDB
94304,,H100217,Orion Data,2026-06-30,AUD,58099000,30836000,58099000,BBB-,BBB,Baa2,NR,2015-02-09,2035-02-09,Fixed,2.434,215,Loan,CUST-1,IDB
94311,,H100217,Orion Data,2026-06-30,AUD,21470000,11395000,21470000,BBB-,BBB,Baa2,NR,2015-02-09,2035-02-09,Fixed,2.434,215,Loan,CUST-2,IDB
94321,,H100218,Pioneer Electricity A,2026-06-30,EUR,21431000,21257000,21431000,BBB+,NR,NR,NR,2023-07-26,2050-07-26,Fixed,3.485,210,Loan,CUST-1,IDB
94321,,H100219,Pioneer Electricity B,2026-06-30,EUR,14287000,14171000,14287000,BBB+,NR,NR,NR,2023-07-26,2050-07-26,Fixed,3.485,210,Loan,CUST-2,IDB
94322,,H100218,Pioneer Electricity A,2026-06-30,EUR,10500000,10415000,10500000,BBB+,NR,NR,NR,2023-07-26,2050-07-26,Fixed,3.485,210,Loan,CUST-1,IDB
94322,,H100219,Pioneer Electricity B,2026-06-30,EUR,7000000,6943000,7000000,BBB+,NR,NR,NR,2023-07-26,2050-07-26,Fixed,3.485,210,Loan,CUST-3,IDB
94322,,H100220,Quartz Battery,2026-06-30,EUR,153537000,151645000,153537000,BBB+,NR,NR,NR,2022-09-08,2050-03-08,Floating,,145,Notes,CUST-3,IDB
94301,,H100220,Quartz Battery,2026-06-30,EUR,126834000,125271000,126834000,BBB+,NR,NR,NR,2022-09-08,2050-03-08,Floating,,145,Notes,CUST-1,IDB
94301,,H100221,Ridge Student A,2026-06-30,EUR,50497000,47593000,50497000,BBB+,BBB –,NR,NR,2024-02-22,2042-08-22,Fixed,3.243,265,Loan,CUST-3,IDB
94301,,H100222,Ridge Student B,2026-06-30,EUR,33664000,31728000,33664000,BBB+,NR,NR,NR,2024-02-22,2042-08-22,Fixed,3.243,265,Loan,CUST-2,IDB
94302,,H100221,Ridge Student A,2026-06-30,EUR,58450000,55088000,58450000,BBB+,NR,NR,NR,2024-02-22,2042-08-22,Fixed,3.243,265,Loan,CUST-3,IDB
94302,,H100222,Ridge Student B,2026-06-30,EUR,38967000,36726000,38967000,BBB+,NR,NR,NR,2024-02-22,2042-08-22,Fixed,3.243,265,Loan,CUST-1,IDB
94311,,H100221,Ridge Student A,2026-06-30,EUR,24856000,23426000,24856000,BBB+,NR,NR,NR,2024-02-22,2042-08-22,Fixed,3.243,265,Loan,CUST-3,IDB
94311,,H100222,Ridge Student B,2026-06-30,EUR,16570000,15617000,16570000,BBB+,NR,NR,NR,2024-02-22,2042-08-22,Fixed,3.243,265,Loan,CUST-1,IDB
94306,,H100221,Ridge Student A,2026-06-30,EUR,17694000,16676000,17694000,BBB+,NR,NR,NR,2024-02-22,2042-08-22,Fixed,3.243,265,Loan,CUST-3,IDB
94306,,H100222,Ridge Student B,2026-06-30,EUR,11796000,11118000,11796000,BBB+,NR,NR,NR,2024-02-22,2042-08-22,Fixed,3.243,265,Loan,CUST-3,IDB
94320,,H100221,Ridge Student A,2026-06-30,EUR,41286000,38912000,41286000,BBB+,NR,NR,NR,2024-02-22,2042-08-22,Fixed,3.243,265,Loan,CUST-3,IDB
94320,,H100222,Ridge Student B,2026-06-30,EUR,27524000,25941000,27524000,BBB+,NR,NR,NR,2024-02-22,2042-08-22,Fixed,3.243,265,Loan,CUST-1,IDB
94322,,H100223,Summit Offshore,2026-06-30,EUR,28310000,9982000,28310000,BBB+,BBB,Baa2,NR,2021-09-11,,Floating,,340,Loan,CUST-3,IDB
94311,,H100223,Summit Offshore,2026-06-30,EUR,40311000,14213000,40311000,BBB+,BBB,Baa2,NR,2021-09-11,2048-03-11,Floating,,340,Loan,CUST-1,IDB
94306,,H100224,Tidal Ports,2026-06-30,SEK,10492000,10142000,10492000,A,NR,A3,A-,2021-01-24,2040-01-24,Floating,,250,Loan,CUST-1,IDB
94320,,H100224,Tidal Ports,2026-06-30,SEK,6973000,6741000,6973000,A,NR,A3,A-,2021-01-24,2040-01-24,Floating,,250,Loan,CUST-2,IDB
94321,,H100224,Tidal Ports,2026-06-30,SEK,10081000,9745000,10081000,A,NR,A3,A-,2021-01-24,2040-01-24,Floating,,250,Loan,CUST-2,IDB
94322,,H100224,Tidal Ports,2026-06-30,SEK,13601000,13148000,13601000,A,NR,A3,A-,2021-01-24,2040-01-24,Floating,,250,Loan,CUST-3,IDB
94303,,H100225,Umbra Fibre,2026-06-30,USD,41582000,27861000,41582000,BBB,BBB,NR,BBB+,2021-06-27,2033-06-27,Fixed,2.338,245,Loan,CUST-1,IDB
94301,,H100225,Umbra Fibre,2026-06-30,USD,22537000,15100000,22537000,BBB,BBB,NR,BBB+,2021-06-27,2033-06-27,Fixed,2.338,245,Loan,CUST-2,IDB
94306,,H100225,Umbra Fibre,2026-06-30,USD,39745000,26630000,39745000,BBB,BBB,NR,BBB+,2021-06-27,2033-06-27,Fixed,2.338,245,Loan,CUST-2,IDB
94304,,H100225,Umbra Fibre,2026-06-30,USD,23727000,15897000,23727000,BBB,BBB,NR,BBB+,2021-06-27,2033-06-27,Fixed,2.338,245,Loan,CUST-1,IDB
94305,,H100225,Umbra Fibre,2026-06-30,USD,44643000,29912000,44643000,BBB,BBB,NR,BBB+,2021-06-27,2033-06-27,Fixed,2.338,245,Loan,CUST-1,IDB
94310,,H100225,Umbra Fibre,2026-06-30,USD,39322000,26346000,39322000,BBB,BBB,NR,BBB+,2021-06-27,2033-06-27,Fixed,2.338,245,Loan,CUST-2,IDB
94320,,H100226,Vertex Electricity A,2026-06-30,EUR,36222000,33355000,36222000,BBB-,NR,NR,BB+,2021-12-16,2045-12-16,Floating,,320,Notes,CUST-3,IDB
94320,,H100227,Vertex Electricity B,2026-06-30,EUR,24148000,22236000,24148000,BBB-,NR,NR,BB+,2021-12-16,2045-12-16,Floating,,320,Notes,CUST-2,IDB
94301,,H100226,Vertex Electricity A,2026-06-30,EUR,16051000,14780000,16051000,BBB-,NR,NR,BB+,2021-12-16,2045-12-16,Floating,,320,Notes,CUST-3,IDB
94301,,H100227,Vertex Electricity B,2026-06-30,EUR,10701000,9854000,10701000,BBB-,NR,NR,BB+,2021-12-16,2045-12-16,Floating,,320,Notes,CUST-1,IDB
94311,,H100228,Willow District A,2026-06-30,EUR,11852000,11388000,11852000,A,A+,A3,NR,2020-07-22,2032-07-22,Fixed,2.941,280,Notes,CUST-2,IDB
94311,,H100229,Willow District B,2026-06-30,EUR,7901000,7591000,7901000,A,A+,A3,NR,2020-07-22,2032-07-22,Fixed,2.941,280,Notes,CUST-3,IDB
94301,,H100228,Willow District A,2026-06-30,EUR,8534000,8200000,8534000,A,A+,A3,NR,2020-07-22,2032-07-22,Fixed,2.941,280,Notes,CUST-2,IDB
94301,,H100229,Willow District B,2026-06-30,EUR,5689000,5466000,5689000,A,A+,A3,NR,2020-07-22,2032-07-22,Fixed,2.941,280,Notes,CUST-3,IDB
94302,,H100228,Willow District A,2026-06-30,EUR,20270000,19476000,20270000,A,A+,A3,NR,2020-07-22,2032-07-22,Fixed,2.941,280,Notes,CUST-3,IDB
94302,,H100229,Willow District B,2026-06-30,EUR,13513000,12983000,13513000,A,A+,A3,NR,2020-07-22,2032-07-22,Fixed,2.941,280,Notes,CUST-3,IDB
94304,,H100230,Zenith Education A,2026-06-30,EUR,101862000,92657000,101862000,AA-,NR,Aa3,A+,2015-08-16,2028-02-16,Fixed,2.404,40,Notes,CUST-1,IDB
94304,,H100231,Zenith Education B,2026-06-30,EUR,67908000,61771000,67908000,AA-,NR,Aa3,A+,2015-08-16,2028-02-16,Fixed,2.404,40,Notes,CUST-2,IDB
94303,,H100230,Zenith Education A,2026-06-30,EUR,80680000,73389000,80680000,AA-,NR,Aa3,A+,2015-08-16,2028-02-16,Fixed,2.404,40,Notes,CUST-2,IDB
94303,,H100231,Zenith Education B,2026-06-30,EUR,53786000,48925000,53786000,AA-,NR,Aa3,A+,2015-08-16,2028-02-16,Fixed,2.404,40,Notes,CUST-3,IDB
94301,,H100230,Zenith Education A,2026-06-30,EUR,56732000,51605000,56732000,AA-,NR,Aa3,A+,2015-08-16,2028-02-16,Fixed,2.404,40,Notes,CUST-1,IDB
94301,,H100231,Zenith Education B,2026-06-30,EUR,37821000,34403000,37821000,AA-,NR,Aa3,A+,2015-08-16,2028-02-16,Fixed,2.404,40,Notes,CUST-1,IDB
94302,,H100232,Alder Offshore,2026-06-30,EUR,41008000,37508000,41008000,BBB-,NR,NR,BB+,2019-05-03,2034-11-03,Fixed,2.442,170,Loan,CUST-3,IDB
94306,,H100232,Alder Offshore,2026-06-30,EUR,87825000,80329000,87825000,BBB-,NR,NR,BB+,2019-05-03,2034-11-03,Fixed,2.442,170,Loan,CUST-3,IDB
94322,,H100233,Birch Toll,2026-06-30,EUR,50751000,47003000,50751000,BBB+,A-,NR,BBB+,2021-02-16,2042-08-16,Floating,,305,Loan,CUST-3,IDB
94304,,H100233,Birch Toll,2026-06-30,EUR,24344000,22546000,24344000,BBB+,A-,NR,BBB+,2021-02-16,2042-08-16,Floating,,305,Loan,CUST-2,IDB
94323,,H100233,Birch Toll,2026-06-30,EUR,46129000,42722000,46129000,BBB+,A-,NR,BBB+,2021-02-16,2042-08-16,Floating,,305,Loan,CUST-3,IDB
94305,,H100233,Birch Toll,2026-06-30,EUR,23359000,21634000,23359000,BBB+,A-,NR,BBB+,2021-02-16,2042-08-16,Floating,,305,Loan,CUST-3,IDB
94311,,H100234,Cobalt Fibre A,2026-06-30,EUR,22499000,20494000,22499000,BBB,NR,NR,NR,2016-01-04,2028-07-04,Fixed,4.835,335,Notes,CUST-1,IDB
94311,,H100235,Cobalt Fibre B,2026-06-30,EUR,14999000,13662000,14999000,BBB,NR,NR,NR,2016-01-04,2028-07-04,Fixed,4.835,335,Notes,CUST-2,IDB
94301,,H100234,Cobalt Fibre A,2026-06-30,EUR,16165000,14724000,16165000,BBB,NR,NR,NR,2016-01-04,2028-07-04,Fixed,4.835,335,Notes,CUST-1,IDB
94301,,H100235,Cobalt Fibre B,2026-06-30,EUR,10777000,9817000,10777000,BBB,NR,NR,NR,2016-01-04,2028-07-04,Fixed,4.835,335,Notes,CUST-3,IDB
94306,,H100234,Cobalt Fibre A,2026-06-30,EUR,16619000,15138000,16619000,BBB,NR,NR,NR,2016-01-04,2028-07-04,Fixed,4.835,335,Notes,CUST-3,IDB
94306,,H100235,Cobalt Fibre B,2026-06-30,EUR,11079000,10092000,11079000,BBB,NR,NR,NR,2016-01-04,2028-07-04,Fixed,4.835,335,Notes,CUST-2,IDB
94320,,H100236,Dune Gas,2026-06-30,GBP,56964000,28522000,56964000,BBB+,NR,A3,NR,2021-06-18,2030-06-18,Fixed,2.52,310,Notes,CUST-1,IDB
94306,,H100236,Dune Gas,2026-06-30,GBP,93889000,47011000,93889000,BBB+,NR,A3,NR,2021-06-18,2030-06-18,Fixed,2.52,310,Notes,CUST-3,IDB
94321,,H100236,Dune Gas,2026-06-30,GBP,69400000,34749000,69400000,BBB+,NR,A3,NR,2021-06-18,2030-06-18,Fixed,2.52,310,Notes,CUST-3,IDB
94305,,H100236,Dune Gas,2026-06-30,GBP,57193000,28637000,57193000,BBB+,NR,A3,NR,2021-06-18,2030-06-18,Fixed,2.52,310,Notes,CUST-2,IDB
94311,,H100236,Dune Gas,2026-06-30,GBP,108583000,54368000,108583000,BBB+,NR,A3,NR,2021-06-18,2030-06-18,Fixed,2.52,310,Notes,CUST-3,IDB
94323,,H100237,Echo EV A,2026-06-30,EUR,19105000,7371000,19105000,BBB+,BBB+,NR,NR,2020-07-07,2037-01-07,Floating,,160,Notes,CUST-3,IDB
94323,,H100238,Echo EV B,2026-06-30,EUR,12736000,4914000,12736000,BBB+,BBB+,NR,NR,2020-07-07,2037-01-07,Floating,,160,Notes,CUST-3,IDB
94301,,H100237,Echo EV A,2026-06-30,EUR,6721000,2593000,6721000,BBB+,BBB+,NR,NR,2020-07-07,2037-01-07,Floating,,160,Notes,CUST-2,IDB
94301,,H100238,Echo EV B,2026-06-30,EUR,4481000,1729000,4481000,BBB+,BBB+,NR,NR,2020-07-07,2037-01-07,Floating,,160,Notes,CUST-1,IDB
94321,,H100237,Echo EV A,2026-06-30,EUR,15511000,5985000,15511000,BBB+,BBB+,NR,NR,2020-07-07,2037-01-07,Floating,,160,Notes,CUST-3,IDB
94321,,H100238,Echo EV B,2026-06-30,EUR,10341000,3990000,10341000,BBB+,BBB+,NR,NR,2020-07-07,2037-01-07,Floating,,160,Notes,CUST-3,IDB
94302,,H100237,Echo EV A,2026-06-30,EUR,16385000,6322000,16385000,BBB+,BBB+,NR,NR,2020-07-07,2037-01-07,Floating,,160,Notes,CUST-3,IDB
94302,,H100238,Echo EV B,2026-06-30,EUR,10923000,4214000,10923000,BBB+,BBB+,NR,NR,2020-07-07,2037-01-07,Floating,,160,Notes,CUST-1,IDB
94310,,H100237,Echo EV A,2026-06-30,EUR,24852000,9589000,24852000,BBB+,BBB+,NR,NR,2020-07-07,2037-01-07,Floating,,160,Notes,CUST-2,IDB
94310,,H100238,Echo EV B,2026-06-30,EUR,16568000,6393000,16568000,BBB+,BBB+,NR,NR,2020-07-07,2037-01-07,Floating,,160,Notes,CUST-2,IDB
94303,,H100237,Echo EV A,2026-06-30,EUR,11877000,4583000,11877000,BBB+,BBB+,NR,NR,2020-07-07,2037-01-07,Floating,,160,Notes,CUST-2,IDB
94303,,H100238,Echo EV B,2026-06-30,EUR,7918000,3055000,7918000,BBB+,BBB+,NR,NR,2020-07-07,2037-01-07,Floating,,160,Notes,CUST-3,IDB
94303,,H100239,Fjord Student A,2026-06-30,EUR,22063000,21065000,22063000,BBB-,NR,NR,NR,2024-01-22,2030-07-22,Floating,,315,Loan,CUST-1,IDB
94303,,H100240,Fjord Student B,2026-06-30,EUR,14709000,14044000,14709000,BBB-,NR,NR,NR,2024-01-22,2030-07-22,Floating,,315,Loan,CUST-2,IDB
94320,,H100239,Fjord Student A,2026-06-30,EUR,22684000,21658000,22684000,BBB-,NR,NR,NR,2024-01-22,2030-07-22,Floating,,315,Loan,CUST-3,IDB
94320,,H100240,Fjord Student B,2026-06-30,EUR,15122000,14438000,15122000,BBB-,NR,NR,NR,2024-01-22,2030-07-22,Floating,,315,Loan,CUST-3,IDB
94302,,H100239,Fjord Student A,2026-06-30,EUR,28673000,27377000,28673000,BBB-,NR,NR,NR,2024-01-22,2030-07-22,Floating,,315,Loan,CUST-1,IDB
94302,,H100240,Fjord Student B,2026-06-30,EUR,19115000,18251000,19115000,BBB-,NR,NR,NR,2024-01-22,2030-07-22,Floating,,315,Loan,CUST-3,IDB
94303,,H100241,Glacier Hydro,2026-06-30,EUR,101616000,99114000,101616000,BBB-,NR,NR,NR,2023-04-14,2031-10-14,Floating,,315,Notes,CUST-2,IDB
94304,,H100241,Glacier Hydro,2026-06-30,EUR,97984000,95571000,97984000,BBB-,NR,NR,NR,2023-04-14,2031-10-14,Floating,,315,Notes,CUST-2,IDB
94302,,H100242,Horizon Rail,2026-06-30,EUR,185759000,171445000,185759000,BB+,BB+,Ba2,NR,2024-04-12,2047-10-12,Fixed,3.595,375,Notes,CUST-3,IDB
94304,,H100242,Horizon Rail,2026-06-30,EUR,115533000,106630000,115533000,BB+,BB+,Ba2,NR,2024-04-12,2047-10-12,Fixed,3.595,375,Notes,CUST-1,IDB
94305,,H100243,Indigo Telecom,2026-06-30,EUR,17933000,13550000,17933000,BB-,BB-,NR,B+,2021-10-09,2046-10-09,Fixed,3.178,320,Notes,CUST-1,IDB
94304,,H100243,Indigo Telecom,2026-06-30,EUR,17435000,13174000,17435000,BB-,BB-,NR,B+,2021-10-09,2046-10-09,Fixed,3.178,320,Notes,CUST-3,IDB
94322,,H100243,Indigo Telecom,2026-06-30,EUR,27174000,20533000,27174000,BB-,BB-,NR,B+,2021-10-09,2046-10-09,Fixed,3.178,320,Notes,CUST-3,IDB
94320,,H100243,Indigo Telecom,2026-06-30,EUR,26542000,20055000,26542000,BB-,BB-,NR,B+,2021-10-09,2046-10-09,Fixed,3.178,320,Notes,CUST-3,IDB
94323,,H100243,Indigo Telecom,2026-06-30,EUR,26179000,19781000,26179000,BB-,BB-,NR,B+,2021-10-09,2046-10-09,Fixed,3.178,320,Notes,CUST-2,IDB
94320,,H100244,Jade Electricity A,2026-06-30,EUR,76860000,59323000,80703000,BBB-,NR,NR,NR,2019-05-19,2033-05-19,Floating,,340,Loan,CUST-1,IDB
94320,,H100245,Jade Electricity B,2026-06-30,EUR,51240000,39548000,53802000,BBB-,NR,NR,NR,2019-05-19,2033-05-19,Floating,,340,Loan,CUST-2,IDB
94306,,H100244,Jade Electricity A,2026-06-30,EUR,102878000,79404000,108022000,BBB-,NR,NR,NR,2019-05-19,2033-05-19,Floating,,340,Loan,CUST-3,IDB
94306,,H100245,Jade Electricity B,2026-06-30,EUR,68586000,52937000,72015000,BBB-,NR,NR,NR,2019-05-19,2033-05-19,Floating,,340,Loan,CUST-2,IDB
94310,,H100246,Kite District,2026-06-30,EUR,6933000,6507000,6933000,BBB,NR,NR,BBB+,2021-05-18,2031-11-18,Fixed,3.415,315,Loan,CUST-3,IDB
94311,,H100246,Kite District,2026-06-30,EUR,18670000,17522000,18670000,BBB,NR,NR,BBB+,2021-05-18,2031-11-18,Fixed,3.415,315,Loan,CUST-2,IDB
94323,,H100246,Kite District,2026-06-30,EUR,11227000,10537000,11227000,BBB,NR,NR,BBB+,2021-05-18,2031-11-18,Fixed,3.415,315,Loan,CUST-2,IDB
94304,,H100246,Kite District,2026-06-30,EUR,10964000,10290000,10964000,BBB,NR,NR,BBB+,2021-05-18,2031-11-18,Fixed,3.415,315,Loan,CUST-1,IDB
94321,,H100246,Kite District,2026-06-30,EUR,6907000,6482000,6907000,BBB,NR,NR,BBB+,2021-05-18,2031-11-18,Fixed,3.415,315,Loan,CUST-2,IDB
94310,,H100247,Lantern Hospitals,2026-06-30,USD,30565000,27573000,30565000,BBB+,BBB,NR,BBB,2021-12-02,2047-12-02,Floating,,200,Notes,CUST-1,IDB
94321,,H100247,Lantern Hospitals,2026-06-30,USD,16570000,14948000,16570000,BBB+,BBB,NR,BBB,2021-12-02,2047-12-02,Floating,,200,Notes,CUST-2,IDB
94306,,H100247,Lantern Hospitals,2026-06-30,USD,17309000,15615000,17309000,BBB+,BBB,NR,BBB,2021-12-02,2047-12-02,Floating,,200,Notes,CUST-2,IDB
94304,,H100247,Lantern Hospitals,2026-06-30,USD,28530000,25738000,28530000,BBB+,BBB,NR,BBB,2021-12-02,2047-12-02,Floating,,200,Notes,CUST-3,IDB
94302,,H100247,Lantern Hospitals,2026-06-30,USD,25959000,23418000,25959000,BBB+,BBB,NR,BBB,2021-12-02,2047-12-02,Floating,,200,Notes,CUST-2,IDB
94304,,H100248,Mistral Hydro,2026-06-30,EUR,56687000,54780000,56687000,BBB-,NR,NR,NR,2020-08-20,2041-08-20,Floating,,295,Loan,CUST-2,IDB
94303,,H100248,Mistral Hydro,2026-06-30,EUR,40148000,38798000,40148000,BBB-,NR,NR,NR,2020-08-20,2041-08-20,Floating,,295,Loan,CUST-3,IDB
94322,,H100248,Mistral Hydro,2026-06-30,EUR,45067000,43551000,45067000,BBB-,NR,NR,NR,2020-08-20,2041-08-20,Floating,,295,Loan,CUST-3,IDB
94321,,H100248,Mistral Hydro,2026-06-30,EUR,18408000,17789000,18408000,BBB-,NR,NR,NR,2020-08-20,2041-08-20,Floating,,295,Loan,CUST-1,IDB
94323,,H100248,Mistral Hydro,2026-06-30,EUR,25097000,24253000,25097000,BBB-,NR,NR,NR,2020-08-20,2041-08-20,Floating,,295,Loan,CUST-2,IDB
94321,,H100249,Nova Toll,2026-06-30,CHF,18485000,17895000,18485000,BBB-,BB+,Baa3,BB+,2023-02-06,2049-08-06,Fixed,3.535,170,Loan,CUST-2,IDB
94301,,H100249,Nova Toll,2026-06-30,CHF,16274000,15754000,16274000,BBB-,BB+,Baa3,BB+,2023-02-06,2049-08-06,Fixed,3.535,170,Loan,CUST-2,IDB
94306,,H100249,Nova Toll,2026-06-30,CHF,22598000,21876000,22598000,BBB-,BB+,Baa3,BB+,2023-02-06,2049-08-06,Fixed,3.535,170,Loan,CUST-2,IDB
94320,,H100250,Opal Data,2026-06-30,EUR,78084000,71441000,78084000,BB,NR,NR,NR,2022-02-26,2030-08-26,Floating,,410,Notes,CUST-2,IDB
94311,,H100250,Opal Data,2026-06-30,EUR,87651000,80194000,87651000,BB,NR,NR,NR,2022-02-26,2030-08-26,Floating,,410,Notes,CUST-1,IDB
94302,,H100251,Prism Gas,2026-06-30,EUR,22963000,15217000,24111000,BBB-,NR,NR,NR,2024-10-17,2042-10-17,Floating,,365,Loan,CUST-1,IDB
94301,,H100251,Prism Gas,2026-06-30,EUR,27264000,18067000,28627000,BBB-,NR,NR,NR,2024-10-17,2042-10-17,Floating,,365,Loan,CUST-1,IDB
94323,,H100251,Prism Gas,2026-06-30,EUR,43567000,28871000,45745000,BBB-,NR,NR,NR,2024-10-17,2042-10-17,Floating,,365,Loan,CUST-3,IDB
94305,,H100251,Prism Gas,2026-06-30,EUR,26786000,17750000,28125000,BBB-,NR,NR,NR,2024-10-17,2042-10-17,Floating,,365,Loan,CUST-2,IDB
94321,,H100251,Prism Gas,2026-06-30,EUR,36727000,24338000,38563000,BBB-,NR,NR,NR,2024-10-17,2042-10-17,Floating,,365,Loan,CUST-1,IDB
94320,,H100252,Quill Battery,2026-06-30,EUR,66224000,65946000,66224000,BBB,BBB-,Baa2,NR,2025-09-04,2047-03-04,Fixed,3.331,155,Loan,CUST-2,IDB
94321,,H100252,Quill Battery,2026-06-30,EUR,54457000,54229000,54457000,BBB,BBB-,Baa2,NR,2025-09-04,2047-03-04,Fixed,3.331,155,Loan,CUST-2,IDB
94322,,H100252,Quill Battery,2026-06-30,EUR,23823000,23723000,23823000,BBB,BBB-,Baa2,NR,2025-09-04,2047-03-04,Fixed,3.331,155,Loan,CUST-1,IDB
94323,,H100252,Quill Battery,2026-06-30,EUR,44980000,44791000,44980000,BBB,BBB-,Baa2,NR,2025-09-04,2047-03-04,Fixed,3.331,155,Loan,CUST-3,IDB
94305,,H100252,Quill Battery,2026-06-30,EUR,74209000,73898000,74209000,BBB,BBB-,Baa2,NR,2025-09-04,2047-03-04,Fixed,3.331,155,Loan,CUST-3,IDB
94304,,H100252,Quill Battery,2026-06-30,EUR,31984000,31850000,31984000,BBB,BBB-,Baa2,NR,2025-09-04,2047-03-04,Fixed,3.331,155,Loan,CUST-3,IDB
94311,,H100253,Rowan Hospitals,2026-06-30,EUR,65498000,64171000,65498000,A,A-,NR,A,2018-08-07,2035-02-07,Fixed,5.377,110,Loan,CUST-1,IDB
94301,,H100253,Rowan Hospitals,2026-06-30,EUR,73980000,72482000,73980000,A,A-,NR,A,2018-08-07,2035-02-07,Fixed,5.377,110,Loan,CUST-2,IDB
94302,,H100253,Rowan Hospitals,2026-06-30,EUR,62021000,60765000,62021000,A,A-,NR,A,2018-08-07,2035-02-07,Fixed,5.377,110,Loan,CUST-1,IDB
94320,,H100253,Rowan Hospitals,2026-06-30,EUR,23233000,22762000,23233000,A,A-,NR,A,2018-08-07,2035-02-07,Fixed,5.377,110,Loan,CUST-1,IDB
94322,,H100253,Rowan Hospitals,2026-06-30,EUR,53407000,52325000,53407000,A,A-,NR,A,2018-08-07,2035-02-07,Fixed,5.377,110,Loan,CUST-2,IDB
94305,,H100253,Rowan Hospitals,2026-06-30,EUR,53623000,52537000,53623000,A,A-,NR,A,2018-08-07,2035-02-07,Fixed,5.377,110,Loan,CUST-3,IDB
94306,,H100254,Sable Onshore A,2026-06-30,EUR,16891000,12055000,17736000,BBB-,NR,NR,NR,2016-05-03,2034-05-03,Floating,,365,Loan,CUST-3,IDB
94306,,H100255,Sable Onshore B,2026-06-30,EUR,11261000,8037000,11824000,BBB-,NR,NR,NR,2016-05-03,2034-05-03,Floating,,365,Loan,CUST-2,IDB
94305,,H100254,Sable Onshore A,2026-06-30,EUR,5546000,3958000,5823000,BBB-,NR,NR,NR,2016-05-03,2034-05-03,Floating,,365,Loan,CUST-1,IDB
94305,,H100255,Sable Onshore B,2026-06-30,EUR,3697000,2638000,3882000,BBB-,NR,NR,NR,2016-05-03,2034-05-03,Floating,,365,Loan,CUST-3,IDB
94322,,H100254,Sable Onshore A,2026-06-30,EUR,7420000,5295000,7791000,BBB-,NR,NR,NR,2016-05-03,2034-05-03,Floating,,365,Loan,CUST-1,IDB
94322,,H100255,Sable Onshore B,2026-06-30,EUR,4946000,3530000,5193000,BBB-,NR,NR,NR,2016-05-03,2034-05-03,Floating,,365,Loan,CUST-2,IDB
94304,,H100254,Sable Onshore A,2026-06-30,EUR,16720000,11933000,17556000,BBB-,NR,NR,NR,2016-05-03,2034-05-03,Floating,,365,Loan,CUST-2,IDB
94304,,H100255,Sable Onshore B,2026-06-30,EUR,11147000,7955000,11704000,BBB-,NR,NR,NR,2016-05-03,2034-05-03,Floating,,365,Loan,CUST-1,IDB
94320,,H100254,Sable Onshore A,2026-06-30,EUR,11555000,8247000,12133000,BBB-,NR,NR,NR,2016-05-03,2034-05-03,Floating,,365,Loan,CUST-1,IDB
94320,,H100255,Sable Onshore B,2026-06-30,EUR,7704000,5498000,8089000,BBB-,NR,NR,NR,2016-05-03,2034-05-03,Floating,,365,Loan,CUST-1,IDB
94301,,H100256,Tundra Ports,2026-06-30,EUR,28667000,27547000,28667000,BB,BB+,Ba3,BB,2017-04-15,2035-04-15,Floating,,275,Notes,CUST-2,IDB
94302,,H100256,Tundra Ports,2026-06-30,EUR,96862000,93076000,96862000,BB,BB+,Ba3,BB,2017-04-15,2035-04-15,Floating,,275,Notes,CUST-3,IDB
94323,,H100256,Tundra Ports,2026-06-30,EUR,76475000,73486000,76475000,BB,BB+,Ba3,BB,2017-04-15,2035-04-15,Floating,,275,Notes,CUST-2,IDB
94322,,H100256,Tundra Ports,2026-06-30,EUR,60508000,58143000,60508000,BB,BB+,Ba3,BB,2017-04-15,2035-04-15,Floating,,275,Notes,CUST-1,IDB
94321,,H100256,Tundra Ports,2026-06-30,EUR,71254000,68469000,71254000,BB,BB+,Ba3,BB,2017-04-15,2035-04-15,Floating,,275,Notes,CUST-3,IDB
94306,,H100256,Tundra Ports,2026-06-30,EUR,26957000,25903000,26957000,BB,BB+,Ba3,BB,2017-04-15,2035-04-15,Floating,,275,Notes,CUST-3,IDB
94320,,H100257,Ultra Data,2026-06-30,EUR,47696000,31860000,50081000,BBB,BBB+,Baa2,NR,2021-03-07,2039-03-07,Floating,,270,Loan,CUST-1,IDB
94306,,H100257,Ultra Data,2026-06-30,EUR,92625000,61871000,97256000,BBB,BBB+,Baa2,NR,2021-03-07,2039-03-07,Floating,,270,Loan,CUST-1,IDB
94304,,H100258,Vale Water,2026-06-30,EUR,22431000,21635000,22431000,A,NR,NR,NR,2025-05-16,2045-05-16,Fixed,2.998,275,Loan,CUST-3,IDB
94303,,H100258,Vale Water,2026-06-30,EUR,38667000,37294000,38667000,A,NR,NR,NR,2025-05-16,2045-05-16,Fixed,2.998,275,Loan,CUST-3,IDB
94321,,H100258,Vale Water,2026-06-30,EUR,13592000,13109000,13592000,A,NR,NR,NR,2025-05-16,2045-05-16,Fixed,2.998,275,Loan,CUST-3,IDB
94306,,H100258,Vale Water,2026-06-30,EUR,32600000,31443000,32600000,A,NR,NR,NR,2025-05-16,2045-05-16,Fixed,2.998,275,Loan,CUST-1,IDB
94302,,H100258,Vale Water,2026-06-30,EUR,25048000,24159000,25048000,A,NR,NR,NR,2025-05-16,2045-05-16,Fixed,2.998,275,Loan,CUST-2,IDB
94304,,H100259,Wren Battery,2026-06-30,EUR,192102000,183220000,192102000,BBB-,NR,NR,NR,2015-11-14,2036-11-14,Fixed,3.112,180,Notes,CUST-1,IDB
94320,,H100259,Wren Battery,2026-06-30,EUR,144594000,137908000,144594000,BBB-,NR,NR,NR,2015-11-14,2036-11-14,Fixed,3.112,180,Notes,CUST-1,IDB
94311,,H100260,Yarrow Hospitals,2026-06-30,CHF,14114000,13179000,14114000,BBB+,NR,A3,NR,2018-12-12,2044-12-12,Fixed,4.795,240,Loan,CUST-1,IDB
94302,,H100260,Yarrow Hospitals,2026-06-30,CHF,20628000,19262000,20628000,BBB+,NR,A3,NR,2018-12-12,2044-12-12,Fixed,4.795,240,Loan,CUST-2,IDB
94321,,H100260,Yarrow Hospitals,2026-06-30,CHF,30019000,28031000,30019000,BBB+,NR,A3,NR,2018-12-12,2044-12-12,Fixed,4.795,240,Loan,CUST-1,IDB
94301,,H100260,Yarrow Hospitals,2026-06-30,CHF,9903000,9247000,9903000,BBB+,NR,A3,NR,2018-12-12,2044-12-12,Fixed,4.795,240,Loan,CUST-1,IDB
94303,,H100260,Yarrow Hospitals,2026-06-30,CHF,31065000,29008000,31065000,BBB+,NR,A3,NR,2018-12-12,2044-12-12,Fixed,4.795,240,Loan,CUST-3,IDB
94320,,H999001,Unmapped holding 1,2026-06-30,EUR,25000000,25000000,25000000,BBB,NR,Baa2,NR,2024-05-12,2047-05-12,Fixed,3.296,315,Loan,CUST-2,IDB
94322,,H999002,Unmapped holding 2,2026-06-30,EUR,18000000,18000000,18000000,BBB-,BBB-,NR,BBB,2025-07-11,2040-07-11,Floating,,310,Notes,CUST-3,IDB
99999,,H100206,Falcon Student,2026-06-30,EUR,31948000,29894000,31948000,BBB-,BBB,NR,NR,2022-10-11,2029-04-11,Fixed,3.006,345,Loan,CUST-3,IDB
94321,,H100203,Delta Electricity,2026-06-30,NOK,12000000,12000000,12000000,BBB+,BBB,A3,NR,2015-07-25,2032-07-25,Fixed,4.362,150,Loan,CUST-1,IDB
