holding_id,asset_code,asset_name,code_name,security_id,tranche
H100200,INF-001,Aurora Solar,AURO01,XS4400100A,
H100201,INF-002,Beacon Airports,BEAC02,XS4400101A,
H100202,INF-003,Cascade Data,CASC03,XS4400102A,
H100203,INF-004,Delta Electricity,DELT04,XS4400103A,Tranche A
H100204,INF-004,Delta Electricity,DELT04,XS4400104B,Tranche B
H100205,INF-005,Ember EV,EMBE05,XS4400105A,
H100206,INF-006,Falcon Student,FALC06,XS4400106A,
H100207,INF-007,Granite Hydro,GRAN07,XS4400107A,
H100208,INF-008,Harbour Ports,HARB08,XS4400108A,
H100209,INF-009,Iris Fibre,IRIS09,XS4400109A,
H100210,INF-010,Juniper Electricity,JUNI10,XS4400110A,
H100211,INF-011,Kestrel District,KEST11,XS4400111A,
H100212,INF-012,Lumen Education,LUME12,XS4400112A,
H100213,INF-013,Meridian Onshore,MERI13,XS4400113A,Tranche A
H100214,INF-013,Meridian Onshore,MERI13,XS4400114B,Tranche B
H100215,INF-014,Nimbus Airports,NIMB14,XS4400115A,Tranche A
H100216,INF-014,Nimbus Airports,NIMB14,XS4400116B,Tranche B
H100217,INF-015,Orion Data,ORIO15,XS4400117A,
H100218,INF-016,Pioneer Electricity,PION16,XS4400118A,Tranche A
H100219,INF-016,Pioneer Electricity,PION16,XS4400119B,Tranche B
H100220,INF-017,Quartz Battery,QUAR17,XS4400120A,
H100221,INF-018,Ridge Student,RIDG18,XS4400121A,Tranche A
H100222,INF-018,Ridge Student,RIDG18,XS4400122B,Tranche B
H100223,INF-019,Summit Offshore,SUMM19,XS4400123A,
H100224,INF-020,Tidal Ports,TIDA20,XS4400124A,
H100225,INF-021,Umbra Fibre,UMBR21,XS4400125A,
H100226,INF-022,Vertex Electricity,VERT22,XS4400126A,Tranche A
H100227,INF-022,Vertex Electricity,VERT22,XS4400127B,Tranche B
H100228,INF-023,Willow District,WILL23,XS4400128A,Tranche A
H100229,INF-023,Willow District,WILL23,XS4400129B,Tranche B
H100230,INF-024,Zenith Education,ZENI24,XS4400130A,Tranche A
H100231,INF-024,Zenith Education,ZENI24,XS4400131B,Tranche B
H100232,INF-025,Alder Offshore,ALDE25,XS4400132A,
H100233,INF-026,Birch Toll,BIRC26,XS4400133A,
H100234,INF-027,Cobalt Fibre,COBA27,XS4400134A,Tranche A
H100235,INF-027,Cobalt Fibre,COBA27,XS4400135B,Tranche B
H100236,INF-028,Dune Gas,DUNE28,XS4400136A,
H100237,INF-029,Echo EV,ECHO29,XS4400137A,Tranche A
H100238,INF-029,Echo EV,ECHO29,XS4400138B,Tranche B
H100239,INF-030,Fjord Student,FJOR30,XS4400139A,Tranche A
H100240,INF-030,Fjord Student,FJOR30,XS4400140B,Tranche B
H100241,INF-031,Glacier Hydro,GLAC31,XS4400141A,
H100242,INF-032,Horizon Rail,HORI32,XS4400142A,
H100243,INF-033,Indigo Telecom,INDI33,XS4400143A,
H100244,INF-034,Jade Electricity,JADE34,XS4400144A,Tranche A
H100245,INF-034,Jade Electricity,JADE34,XS4400145B,Tranche B
H100246,INF-035,Kite District,KITE35,XS4400146A,
H100247,INF-036,Lantern Hospitals,LANT36,XS4400147A,
H100248,INF-037,Mistral Hydro,MIST37,XS4400148A,
H100249,INF-038,Nova Toll,NOVA38,XS4400149A,
H100250,INF-039,Opal Data,OPAL39,XS4400150A,
H100251,INF-040,Prism Gas,PRIS40,XS4400151A,
H100252,INF-041,Quill Battery,QUIL41,XS4400152A,
H100253,INF-042,Rowan Hospitals,ROWA42,XS4400153A,
H100254,INF-043,Sable Onshore,SABL43,XS4400154A,Tranche A
H100255,INF-043,Sable Onshore,SABL43,XS4400155B,Tranche B
H100256,INF-044,Tundra Ports,TUND44,XS4400156A,
H100257,INF-045,Ultra Data,ULTR45,XS4400157A,
H100258,INF-046,Vale Water,VALE46,XS4400158A,
H100259,INF-047,Wren Battery,WREN47,XS4400159A,
H100260,INF-048,Yarrow Hospitals,YARR48,XS4400160A,
