platform_id,platform_label,investor_label,weight
TOTAL,Total platform,*,1
GROUP,Group (attributed),Investor 1,1
GROUP,Group (attributed),Investor 2,1
GROUP,Group (attributed),Investor 3,1
GROUP,Group (attributed),Investor 4,1
GROUP,Group (attributed),Investor 5,1
GROUP,Group (attributed),Investor 6,1
GROUP,Group (attributed),Investor 7,0.35
GROUP,Group (attributed),Investor 8,0.2
ALPHA,Platform Alpha,Investor 1,1
ALPHA,Platform Alpha,Investor 2,1
ALPHA,Platform Alpha,Investor 3,1
ALPHA,Platform Alpha,Investor 4,1
BETA,Platform Beta,Investor 5,1
BETA,Platform Beta,Investor 6,1
BETA,Platform Beta,Investor 7,1
FUND1LT,Fund I look-through (35%),Investor 7,0.35
TPA,Investor 9,Investor 9,1
TPB,Investor 10,Investor 10,1
TPCD,Investors 11+12,Investor 11,1
TPCD,Investors 11+12,Investor 12,1
