grade,numeric,scale
AAA,100,SP_FITCH
AAA,100,INTERNAL
AA+,200,SP_FITCH
AA+,200,INTERNAL
AA,250,SP_FITCH
AA,250,INTERNAL
AA-,300,SP_FITCH
AA-,300,INTERNAL
A+,350,SP_FITCH
A+,350,INTERNAL
A,400,SP_FITCH
A,400,INTERNAL
A-,450,SP_FITCH
A-,450,INTERNAL
BBB+,500,SP_FITCH
BBB+,500,INTERNAL
BBB,550,SP_FITCH
BBB,550,INTERNAL
BBB-,600,SP_FITCH
BBB-,600,INTERNAL
BB+,700,SP_FITCH
BB+,700,INTERNAL
BB,750,SP_FITCH
BB,750,INTERNAL
BB-,800,SP_FITCH
BB-,800,INTERNAL
B+,850,SP_FITCH
B+,850,INTERNAL
B,900,SP_FITCH
B,900,INTERNAL
B-,950,SP_FITCH
B-,950,INTERNAL
CCC+,1000,SP_FITCH
CCC+,1000,INTERNAL
CCC,1050,SP_FITCH
CCC,1050,INTERNAL
Aaa,100,MOODYS
Aa1,200,MOODYS
Aa2,250,MOODYS
Aa3,300,MOODYS
A1,350,MOODYS
A2,400,MOODYS
A3,450,MOODYS
Baa1,500,MOODYS
Baa2,550,MOODYS
Baa3,600,MOODYS
Ba1,700,MOODYS
Ba2,750,MOODYS
Ba3,800,MOODYS
B1,850,MOODYS
B2,900,MOODYS
B3,950,MOODYS
Caa1,1000,MOODYS
Caa2,1050,MOODYS
NR,0,ALL
